2,-1,-1,-1,-1,-1,0,1,1,1,1
3,1,-1,0,0,-1,0,-1,1,0,1
4,1,0,1,-1,-1,0,1,1,0,0
5,-1,-1,1,-1,0,0,-1,1,0,1
6,-1,-1,1,-1,-1,1,0,-1,0,1
9,-1,-1,0,-1,-1,-1,-1,1,0,0
10,-1,0,-1,-1,1,1,0,-1,0,1
11,-1,-1,0,-1,-1,1,-1,-1,0,1
13,1,-1,0,-1,1,0,1,1,0,1
15,-1,-1,-1,1,-1,0,-1,1,0,1
16,0,0,-1,0,0,1,1,-1,1,1
17,-1,0,0,0,-1,1,-1,-1,0,1
19,0,-1,-1,0,1,1,0,-1,0,1
20,1,-1,0,1,0,0,-1,1,0,1
21,0,-1,1,-1,-1,1,-1,1,0,1
30,-1,-1,0,0,1,1,-1,-1,0,1
38,0,0,1,0,0,1,-1,-1,0,1
39,-1,-1,-1,-1,-1,-1,0,1,0,1
40,1,0,0,-1,-1,0,0,-1,0,1
41,-1,0,0,-1,-1,1,0,-1,0,1
46,-1,-1,1,-1,-1,1,-1,-1,0,1
47,0,-1,-1,0,1,1,0,-1,0,1
48,-1,-1,1,0,-1,0,1,1,0,1
49,-1,-1,1,-1,-1,-1,1,1,0,0
50,1,1,-1,-1,1,-1,1,1,0,0
52,-1,-1,-1,-1,-1,1,1,-1,1,0
54,-1,-1,1,-1,-1,0,-1,-1,0,1
55,1,-1,0,-1,-1,0,-1,1,0,1
57,1,-1,0,1,0,0,-1,1,0,1
60,-1,-1,1,1,-1,1,0,-1,0,1
61,-1,-1,0,0,-1,1,0,-1,0,1
62,0,0,0,0,1,0,0,-1,0,1
65,-1,-1,0,-1,-1,0,0,1,0,1
66,0,0,0,0,1,0,1,-1,1,1
67,-1,-1,0,1,-1,1,-1,1,0,1
68,-1,-1,1,-1,1,0,-1,-1,0,0
69,-1,-1,0,1,1,0,-1,-1,0,1
71,1,-1,1,-1,-1,0,-1,-1,0,1
74,-1,0,1,-1,-1,-1,-1,1,0,1
75,-1,-1,1,0,1,1,0,-1,0,1
77,-1,0,-1,-1,-1,1,-1,-1,0,1
80,-1,0,-1,-1,-1,0,-1,1,0,1
82,0,-1,-1,0,1,0,1,-1,0,1
83,-1,-1,1,1,-1,1,-1,-1,0,1
86,-1,-1,-1,-1,-1,0,0,1,0,1
88,-1,-1,1,-1,1,0,-1,-1,0,0
90,-1,0,-1,0,-1,1,0,-1,0,1
95,0,-1,-1,0,0,0,1,-1,1,1
96,-1,-1,0,1,1,-1,-1,1,0,1
99,-1,-1,1,-1,-1,0,1,-1,0,0
100,0,0,1,0,1,-1,0,1,1,1
101,-1,-1,0,1,1,-1,1,1,0,1
104,-1,0,-1,-1,-1,0,0,1,0,1
106,-1,-1,-1,-1,-1,1,0,-1,0,1
107,1,-1,1,-1,-1,0,1,1,0,0
108,1,-1,0,1,0,-1,1,1,0,1
109,-1,0,-1,-1,-1,-1,-1,1,0,1
110,-1,-1,0,-1,-1,0,1,-1,1,1
111,-1,-1,1,-1,-1,1,1,1,0,0
113,-1,-1,0,-1,-1,0,-1,1,0,1
114,-1,0,-1,-1,1,1,-1,-1,0,1
116,-1,0,-1,-1,-1,1,0,-1,0,1
118,-1,0,0,-1,-1,0,0,-1,0,1
119,-1,0,1,-1,0,-1,-1,1,0,1
120,-1,-1,-1,1,-1,0,0,-1,0,1
122,-1,-1,-1,-1,-1,1,-1,-1,0,1
124,-1,-1,1,-1,0,1,0,-1,0,1
125,1,0,0,1,-1,0,-1,1,0,1
127,1,-1,0,-1,-1,-1,1,1,0,1
129,1,0,1,-1,-1,0,1,1,1,0
130,-1,-1,1,1,1,0,1,1,1,1
131,0,-1,1,0,0,1,-1,-1,0,1
138,-1,-1,-1,-1,-1,1,1,-1,0,1
143,1,0,1,-1,-1,0,-1,-1,0,1
144,0,-1,0,-1,-1,1,-1,-1,0,1
146,-1,-1,0,1,-1,0,0,1,0,1
148,-1,0,-1,0,-1,1,-1,-1,0,1
150,-1,0,0,0,-1,-1,-1,1,0,0
151,-1,-1,1,-1,-1,0,-1,1,0,1
153,0,-1,-1,0,1,1,-1,-1,0,1
154,1,-1,1,-1,-1,0,-1,-1,0,1
155,1,-1,0,-1,-1,-1,0,1,0,1
156,0,-1,-1,0,0,-1,0,1,0,1
157,-1,-1,0,1,1,-1,0,1,0,1
158,-1,0,0,1,1,1,-1,-1,0,1
159,-1,-1,0,-1,-1,1,0,-1,0,1
160,1,-1,0,-1,-1,1,-1,1,0,1
161,-1,0,1,-1,-1,-1,0,1,0,1
169,1,-1,1,-1,0,1,-1,-1,0,0
170,-1,1,1,-1,1,1,1,-1,1,0
171,-1,-1,1,-1,1,1,0,-1,0,0
172,-1,0,-1,-1,1,1,0,-1,0,1
174,-1,-1,1,-1,-1,-1,1,1,1,1
175,0,-1,-1,0,0,-1,0,1,0,1
180,0,0,-1,0,1,0,1,-1,1,1
182,0,-1,-1,0,0,1,0,-1,0,1
186,1,-1,0,-1,-1,1,-1,-1,0,1
188,-1,0,1,-1,1,1,1,-1,1,0
189,0,-1,1,0,0,0,1,1,1,1
193,1,-1,0,0,-1,1,-1,-1,0,1
195,-1,-1,1,-1,0,1,1,-1,0,1
196,-1,-1,1,0,-1,1,-1,1,0,1
202,1,-1,0,-1,-1,0,-1,1,0,1
203,1,-1,1,-1,0,1,-1,1,0,0
205,1,-1,0,-1,-1,0,0,-1,0,1
207,1,-1,0,1,0,1,0,1,0,1
208,1,0,1,-1,-1,0,1,1,0,0
209,-1,-1,1,0,-1,1,1,-1,1,1
212,0,0,-1,0,1,-1,-1,1,0,1
214,0,0,1,0,1,-1,1,1,0,1
215,-1,0,0,-1,-1,0,0,-1,0,1
218,-1,0,-1,-1,-1,-1,1,1,0,1
219,0,-1,-1,0,1,-1,0,1,0,1
221,0,0,-1,0,1,0,-1,-1,0,1
225,0,-1,1,-1,-1,1,-1,1,0,1
226,-1,-1,1,0,-1,0,1,1,1,1
227,1,1,1,-1,-1,-1,1,1,0,0
231,-1,-1,-1,-1,-1,1,0,-1,0,1
236,-1,0,0,0,-1,-1,-1,1,0,0
238,-1,-1,0,-1,-1,-1,-1,1,0,0
239,0,0,1,0,1,0,1,-1,0,1
242,-1,-1,1,-1,-1,1,0,1,0,1
244,-1,-1,1,0,-1,1,-1,-1,0,1
247,0,-1,-1,0,1,-1,-1,1,0,1
248,-1,-1,0,0,-1,1,-1,-1,0,1
249,1,-1,1,-1,-1,0,0,-1,0,1
250,1,0,-1,-1,-1,1,0,-1,0,1
253,1,-1,0,-1,1,1,0,-1,0,1
254,-1,0,0,-1,-1,-1,0,1,0,1
256,-1,-1,1,-1,1,0,0,-1,0,0
260,-1,0,0,-1,-1,-1,-1,1,0,0
265,0,0,-1,0,0,0,0,-1,0,1
267,-1,0,0,0,-1,1,0,-1,0,1
268,1,-1,0,1,1,0,0,1,0,1
270,-1,-1,-1,-1,-1,-1,-1,1,0,1
271,-1,-1,0,0,-1,1,-1,1,0,1
272,1,-1,0,1,1,-1,1,1,0,1
273,1,-1,0,-1,-1,-1,-1,1,1,1
274,-1,-1,0,-1,-1,0,-1,-1,0,1
275,-1,0,1,-1,-1,1,0,-1,0,1
276,-1,0,-1,-1,-1,0,0,-1,0,1
277,-1,0,-1,0,-1,-1,1,1,1,1
280,1,0,-1,-1,1,-1,1,1,0,0
281,-1,-1,1,-1,-1,1,0,-1,0,1
283,0,-1,-1,0,1,1,-1,-1,0,1
284,-1,-1,-1,0,-1,1,1,-1,0,1
291,-1,-1,1,-1,-1,0,-1,1,0,1
293,-1,0,1,-1,-1,0,0,1,0,1
297,-1,-1,1,0,-1,0,-1,1,0,1
305,-1,-1,-1,-1,-1,1,-1,-1,0,1
308,-1,0,0,0,-1,0,0,-1,0,1
311,-1,0,-1,-1,-1,1,-1,-1,0,1
312,1,-1,0,-1,-1,0,1,1,0,1
313,0,-1,-1,0,0,1,0,-1,0,1
316,0,0,0,0,0,0,0,1,0,0
317,-1,0,-1,0,-1,-1,1,1,0,1
321,-1,-1,0,-1,-1,0,-1,-1,0,1
325,-1,-1,-1,0,-1,1,-1,-1,0,1
327,0,0,-1,0,1,1,-1,-1,0,1
329,-1,-1,-1,0,-1,-1,-1,1,0,1
331,-1,-1,-1,-1,-1,0,-1,1,0,1
336,-1,0,0,-1,-1,-1,0,1,0,0
340,0,-1,0,0,1,-1,0,1,0,1
341,-1,-1,1,-1,0,1,0,1,0,1
344,-1,0,0,-1,-1,1,0,-1,0,1
345,-1,0,-1,1,1,0,0,1,0,1
348,1,-1,1,0,-1,1,-1,1,0,1
355,0,0,-1,0,1,1,0,-1,0,1
356,-1,0,-1,0,-1,-1,1,1,1,1
357,1,0,0,-1,-1,0,-1,-1,0,1
363,-1,-1,-1,-1,1,0,-1,1,0,1
364,-1,0,-1,1,-1,1,-1,-1,0,1
366,0,0,-1,0,1,1,0,-1,0,1
367,-1,0,-1,-1,-1,1,0,-1,0,1
374,1,0,-1,-1,1,-1,1,1,0,0
376,-1,-1,-1,-1,-1,-1,1,1,0,1
378,0,-1,0,0,0,-1,0,1,0,0
381,0,-1,1,0,0,1,1,1,0,1
383,0,-1,1,0,1,1,-1,-1,0,1
386,1,-1,0,1,1,-1,1,1,0,1
387,0,0,0,0,0,0,0,1,0,0
392,-1,-1,1,-1,1,0,-1,1,0,0
393,0,-1,0,0,0,0,0,1,0,0
394,-1,-1,-1,-1,-1,1,-1,1,0,1
395,-1,-1,-1,-1,-1,0,-1,-1,0,1
396,1,0,1,-1,-1,-1,1,1,0,0
398,-1,0,-1,-1,1,1,-1,-1,0,1
400,0,0,0,0,0,-1,-1,1,0,0
404,1,-1,0,-1,-1,0,1,1,1,1
405,-1,-1,-1,-1,-1,1,0,1,0,1
408,-1,0,-1,-1,-1,0,0,-1,0,1
410,-1,0,1,-1,-1,0,0,-1,0,1
411,-1,-1,0,-1,-1,-1,0,1,0,0
414,0,-1,-1,0,1,1,1,-1,1,1
419,-1,-1,1,-1,-1,0,-1,-1,0,1
420,1,-1,0,0,-1,1,1,-1,0,1
421,-1,0,1,0,-1,0,0,1,0,1
423,0,-1,1,0,1,-1,1,1,1,1
425,1,0,1,-1,-1,1,1,-1,0,0
427,-1,-1,0,-1,-1,0,-1,-1,0,1
428,0,-1,1,0,1,-1,1,1,0,1
431,-1,0,0,-1,-1,1,0,-1,0,1
439,1,-1,0,-1,-1,-1,0,1,0,1
445,-1,1,1,-1,1,-1,0,1,0,0
457,-1,0,0,-1,-1,1,-1,-1,0,1
458,-1,0,-1,-1,-1,1,-1,1,0,1
459,-1,-1,0,-1,-1,1,-1,1,0,1
461,0,-1,0,-1,-1,0,-1,-1,0,1
462,-1,-1,1,1,1,1,-1,-1,0,1
464,0,-1,-1,0,0,1,1,-1,1,1
465,-1,-1,0,-1,-1,0,1,1,1,1
469,0,-1,1,0,1,-1,0,1,0,1
471,-1,0,-1,-1,-1,1,-1,-1,0,1
475,-1,-1,0,-1,0,0,0,1,0,1
477,-1,0,-1,-1,-1,0,0,1,0,1
482,-1,1,1,-1,1,-1,0,1,1,0
486,-1,0,0,-1,-1,-1,0,1,0,0
487,-1,-1,-1,-1,-1,-1,0,1,0,1
489,0,0,-1,0,0,1,0,-1,0,1
494,0,-1,-1,0,1,1,-1,1,0,1
495,-1,-1,1,0,0,1,-1,-1,0,1
497,0,0,0,0,1,0,-1,1,0,1
499,-1,-1,1,1,1,1,-1,-1,0,1
501,1,-1,0,-1,1,0,0,1,0,1
502,-1,0,-1,-1,-1,0,-1,1,0,1
504,0,0,1,0,1,0,-1,-1,0,1
505,-1,-1,1,-1,-1,-1,-1,1,1,1
506,1,-1,0,1,-1,1,-1,-1,0,1
507,-1,-1,1,-1,-1,1,1,1,0,0
508,0,-1,-1,0,0,1,0,-1,0,1
512,-1,-1,-1,-1,-1,-1,0,1,0,1
513,-1,0,1,-1,-1,-1,1,1,0,0
514,0,0,-1,0,1,-1,0,1,0,1
515,0,0,0,0,0,-1,1,1,1,0
516,0,-1,1,0,1,-1,0,1,0,1
517,0,-1,1,-1,-1,0,-1,-1,0,1
522,-1,0,-1,-1,-1,1,-1,-1,0,1
523,-1,0,-1,0,-1,0,0,1,0,1
526,-1,-1,0,0,-1,0,0,1,0,1
527,-1,0,0,-1,-1,0,-1,1,0,1
530,-1,0,-1,-1,-1,0,-1,1,0,1
531,-1,0,1,-1,-1,-1,0,1,1,1
532,-1,0,0,-1,-1,0,-1,1,0,1
533,0,0,-1,0,1,1,1,-1,0,1
534,-1,-1,0,-1,-1,1,1,-1,1,1
535,1,-1,0,1,1,-1,0,1,1,1
537,-1,0,-1,-1,-1,-1,-1,1,0,1
538,0,0,0,0,1,1,-1,-1,0,1
539,1,-1,0,-1,-1,0,0,1,0,1
541,-1,0,-1,0,-1,-1,0,1,0,1
543,1,-1,0,0,-1,0,0,1,0,1
548,-1,0,1,-1,1,-1,1,1,0,1
549,-1,0,-1,0,-1,1,-1,-1,0,1
551,0,0,-1,0,0,1,-1,1,0,1
554,-1,-1,0,-1,-1,1,-1,-1,0,1
559,0,0,1,0,1,0,-1,1,0,1
568,-1,-1,0,-1,-1,0,0,-1,0,1
570,-1,-1,-1,0,-1,-1,1,1,0,1
571,0,-1,-1,0,1,0,-1,-1,0,1
575,-1,-1,-1,-1,-1,0,0,-1,0,1
576,0,-1,0,0,1,-1,-1,1,0,1
578,-1,-1,1,1,1,1,0,-1,0,1
582,1,-1,0,0,-1,0,0,1,0,1
586,1,-1,0,-1,1,0,-1,1,0,1
587,0,0,-1,0,0,0,-1,-1,0,1
588,1,0,-1,-1,-1,1,-1,-1,0,1
589,-1,0,0,-1,-1,0,0,-1,0,1
590,0,-1,-1,0,1,0,-1,-1,0,1
595,-1,-1,1,-1,-1,0,-1,1,1,1
596,0,-1,0,0,1,1,0,1,0,1
597,-1,0,0,-1,-1,0,0,1,0,1
603,-1,-1,0,-1,-1,1,0,1,0,1
605,0,-1,0,0,1,0,0,1,0,1
607,-1,-1,0,0,-1,-1,-1,1,0,0
608,-1,-1,1,-1,-1,1,1,1,0,0
613,0,0,-1,0,1,1,0,-1,0,1
614,1,-1,1,-1,-1,1,-1,-1,0,1
615,0,-1,-1,0,1,-1,0,1,0,1
617,-1,-1,-1,0,-1,1,-1,-1,0,1
622,-1,-1,1,-1,1,1,1,1,0,0
631,1,0,1,-1,-1,-1,1,1,0,0
632,-1,-1,-1,-1,-1,1,0,-1,0,1
633,-1,0,-1,-1,-1,1,0,-1,0,1
634,1,-1,1,-1,-1,1,1,-1,0,0
637,1,-1,0,0,-1,0,1,-1,0,1
638,1,-1,0,-1,-1,0,-1,1,0,1
639,-1,-1,0,-1,-1,1,-1,-1,0,1
645,-1,-1,-1,-1,-1,0,-1,-1,0,1
648,-1,-1,0,0,-1,0,-1,-1,0,1
656,0,-1,0,0,0,1,-1,-1,0,0
657,-1,-1,-1,0,-1,-1,0,1,0,1
662,-1,0,-1,-1,-1,1,0,1,0,1
670,-1,-1,1,-1,-1,0,0,1,0,1
673,1,1,1,-1,-1,1,1,-1,1,0
675,-1,-1,-1,-1,-1,0,0,1,0,1
677,-1,-1,-1,-1,-1,1,-1,-1,0,1
679,-1,0,1,-1,-1,0,-1,-1,0,1
680,-1,-1,1,0,-1,0,0,1,0,1
681,-1,-1,0,-1,-1,-1,-1,1,0,1
685,-1,0,0,-1,1,0,-1,1,0,1
686,-1,-1,1,-1,-1,-1,0,1,0,1
687,0,-1,0,0,1,-1,0,1,0,1
688,-1,-1,0,-1,-1,0,-1,1,0,1
689,1,-1,0,-1,0,0,-1,-1,0,1
691,-1,-1,0,0,-1,1,0,-1,0,1
692,-1,0,-1,-1,-1,1,0,-1,0,1
696,0,-1,-1,0,0,0,1,-1,1,1
698,0,-1,0,0,1,1,0,-1,0,1
702,-1,-1,0,-1,-1,1,0,-1,0,1
703,-1,-1,-1,0,-1,1,1,-1,1,1
704,1,-1,1,-1,-1,1,-1,-1,0,1
706,-1,0,0,0,-1,1,-1,1,0,1
708,1,-1,1,-1,-1,1,-1,-1,0,1
709,-1,-1,1,-1,1,1,0,1,0,0
710,-1,-1,-1,-1,-1,0,0,-1,0,1
712,0,-1,-1,0,1,0,-1,1,0,1
714,0,0,-1,0,1,1,0,-1,0,1
715,0,0,1,0,1,-1,0,1,1,1
716,0,-1,0,0,1,-1,0,1,0,1
717,0,-1,0,0,0,0,0,1,0,0
719,-1,0,-1,-1,-1,1,0,-1,0,1
720,1,0,1,-1,-1,-1,1,1,0,0
722,-1,0,1,-1,-1,1,-1,-1,0,1
724,-1,-1,0,-1,-1,1,0,-1,0,1
725,-1,-1,-1,-1,1,0,0,1,0,1
726,-1,-1,1,-1,-1,-1,0,1,0,1
727,0,0,-1,0,1,0,0,-1,0,1
728,-1,-1,-1,0,-1,-1,0,1,0,1
730,-1,0,-1,-1,-1,1,0,-1,0,1
734,-1,-1,0,-1,-1,-1,1,1,1,0
735,-1,-1,-1,-1,-1,0,0,-1,0,1
740,-1,-1,0,-1,-1,-1,-1,1,0,1
743,0,-1,-1,0,1,1,0,-1,0,1
744,-1,-1,1,-1,-1,-1,-1,1,0,1
750,0,-1,0,0,1,0,0,-1,0,1
754,0,-1,-1,0,0,1,1,-1,0,1
756,0,-1,-1,0,1,1,1,-1,0,1
757,-1,-1,0,-1,-1,1,-1,-1,0,1
758,-1,-1,1,-1,-1,1,0,1,0,1
760,-1,-1,1,-1,-1,0,-1,-1,0,1
761,-1,-1,-1,-1,-1,0,0,1,0,1
762,-1,0,0,-1,-1,0,0,-1,0,1
763,-1,0,0,-1,-1,0,1,-1,1,1
766,1,-1,0,1,1,-1,-1,1,0,1
767,0,-1,-1,0,1,1,0,-1,0,1
769,-1,-1,0,-1,-1,-1,0,1,0,0
771,0,0,-1,0,1,1,0,1,0,1
772,1,-1,0,-1,-1,-1,-1,1,0,1
773,1,-1,1,-1,-1,1,1,-1,0,0
776,-1,-1,1,0,-1,0,1,-1,1,1
777,-1,-1,0,-1,-1,0,0,1,0,1
778,0,-1,0,0,0,-1,0,1,0,0
780,-1,-1,0,-1,-1,0,0,1,0,1
781,-1,0,-1,1,-1,1,-1,-1,0,1
784,1,-1,-1,1,1,1,0,-1,0,1
786,-1,-1,1,-1,0,1,0,-1,0,1
787,1,0,1,-1,-1,1,1,-1,1,0
789,1,-1,0,-1,-1,1,-1,-1,0,1
790,-1,-1,0,-1,-1,1,0,-1,0,1
791,0,-1,1,0,1,1,-1,-1,0,1
794,-1,-1,-1,-1,-1,1,0,-1,0,1
795,-1,0,0,-1,-1,1,-1,-1,0,1
797,0,0,1,0,1,1,0,-1,0,1
799,-1,-1,1,-1,-1,-1,-1,1,0,1
802,-1,-1,-1,-1,-1,0,-1,1,0,1
805,-1,-1,1,-1,1,1,0,1,0,1
806,0,0,-1,0,0,0,1,-1,1,1
809,1,-1,0,-1,-1,0,0,1,0,1
811,-1,0,-1,-1,-1,-1,-1,1,0,1
812,-1,-1,0,-1,-1,0,0,1,0,1
813,-1,1,1,-1,1,-1,0,1,0,0
816,1,-1,1,1,1,1,1,-1,0,1
817,1,0,1,-1,0,0,-1,1,0,0
819,1,0,0,1,1,0,0,1,0,1
820,-1,-1,0,0,-1,0,1,-1,1,1
824,-1,0,-1,-1,1,0,-1,-1,0,1
826,1,-1,1,-1,-1,0,-1,-1,0,1
828,1,-1,0,0,-1,1,-1,-1,0,1
832,0,-1,0,0,0,-1,0,1,0,0
834,-1,-1,0,-1,-1,0,0,1,0,1
838,-1,-1,0,1,1,0,-1,1,0,1
839,-1,0,-1,1,1,0,0,-1,0,1
841,-1,0,-1,-1,-1,0,0,-1,0,1
842,1,-1,-1,1,1,1,-1,-1,0,1
843,-1,-1,1,-1,-1,1,-1,1,0,1
844,1,0,1,-1,-1,0,1,-1,0,0
846,0,0,-1,0,1,1,0,-1,0,1
847,1,0,1,-1,-1,1,-1,-1,0,1
848,-1,-1,1,0,-1,0,0,-1,0,1
850,0,-1,-1,0,1,1,-1,-1,0,1
851,1,1,1,-1,-1,1,1,-1,0,0
855,0,-1,0,0,1,-1,0,1,0,1
856,1,1,1,-1,-1,-1,1,1,0,0
857,1,-1,0,1,1,0,-1,1,0,1
859,-1,0,-1,-1,-1,0,-1,-1,0,1
860,-1,-1,-1,0,-1,1,-1,-1,0,1
861,-1,-1,-1,0,-1,0,0,1,0,1
863,-1,-1,-1,-1,-1,0,0,-1,0,1
866,-1,-1,1,-1,-1,1,-1,-1,0,1
867,-1,-1,-1,-1,-1,1,0,-1,0,1
869,1,0,-1,-1,1,-1,1,1,0,0
871,-1,-1,0,-1,-1,1,-1,-1,0,1
872,1,0,-1,1,1,1,-1,-1,0,1
873,-1,-1,-1,-1,-1,-1,0,1,0,1
875,0,-1,-1,0,0,0,0,1,0,1
876,0,0,0,0,0,-1,0,1,0,0
879,1,-1,0,-1,-1,0,-1,-1,0,1
880,-1,-1,0,-1,-1,-1,1,1,0,0
881,-1,0,0,0,-1,0,0,1,0,1
882,0,0,0,0,0,1,0,-1,0,0
883,-1,0,0,-1,-1,1,-1,-1,0,1
885,1,0,1,-1,-1,0,1,1,0,0
888,-1,-1,-1,0,-1,1,1,-1,1,1
890,-1,-1,0,0,-1,1,-1,-1,0,1
891,-1,0,-1,-1,-1,1,-1,-1,0,1
893,-1,-1,1,1,-1,1,-1,-1,0,1
895,-1,0,-1,-1,-1,0,-1,1,0,1
896,0,0,0,0,1,1,0,1,0,1
898,-1,0,-1,-1,-1,1,0,-1,0,1
902,-1,-1,1,-1,-1,-1,1,1,0,0
906,0,-1,-1,0,1,0,0,1,0,1
908,1,-1,1,-1,-1,-1,1,1,0,0
912,-1,-1,-1,0,-1,0,1,-1,0,1
913,1,0,1,-1,-1,-1,1,1,1,0
914,1,1,-1,-1,1,1,1,1,0,0
917,-1,-1,0,-1,-1,0,-1,1,0,1
919,-1,-1,1,-1,-1,0,0,1,0,1
920,-1,-1,-1,-1,1,1,0,-1,0,1
922,-1,-1,-1,-1,-1,-1,-1,1,0,1
924,-1,-1,0,0,-1,1,-1,1,0,1
925,0,-1,1,0,1,0,-1,-1,0,1
926,-1,0,1,-1,1,1,1,-1,1,1
932,-1,-1,1,-1,-1,0,0,1,0,1
934,0,0,-1,0,1,1,-1,-1,0,1
939,1,0,1,-1,-1,-1,1,1,0,0
941,-1,-1,1,-1,-1,-1,1,1,0,0
942,1,0,-1,-1,-1,1,-1,-1,0,1
944,-1,0,-1,-1,-1,0,0,-1,0,1
946,0,-1,0,0,1,1,0,-1,0,1
947,0,0,-1,0,1,-1,-1,1,0,1
951,1,0,-1,1,1,1,0,-1,0,1
952,-1,-1,-1,-1,1,1,-1,-1,0,1
955,-1,-1,-1,-1,-1,0,-1,1,0,1
956,0,0,-1,0,1,0,0,1,0,1
957,1,1,1,-1,-1,-1,1,1,1,0
958,-1,-1,0,0,-1,1,-1,-1,0,1
966,-1,0,-1,-1,-1,-1,0,1,0,1
967,-1,-1,-1,-1,1,1,-1,-1,0,1
968,-1,0,1,-1,0,1,-1,1,0,1
973,-1,0,1,-1,0,1,0,1,0,1
976,-1,0,-1,0,-1,1,0,-1,0,1
977,0,-1,-1,0,1,-1,-1,1,0,1
980,-1,-1,1,1,1,1,-1,-1,0,1
983,1,-1,0,-1,-1,1,-1,-1,0,1
984,1,1,1,-1,-1,-1,1,1,1,0
986,-1,-1,0,-1,-1,1,-1,-1,0,1
987,0,0,0,0,0,-1,0,1,0,0
989,-1,0,-1,-1,-1,1,0,-1,0,1
991,-1,-1,1,1,1,1,1,-1,0,1
992,-1,-1,0,1,1,1,-1,-1,0,1
993,-1,0,-1,-1,1,-1,-1,1,0,1
994,-1,0,-1,0,-1,0,1,1,1,1
995,-1,-1,-1,-1,-1,1,-1,-1,0,1
996,1,0,1,-1,-1,1,1,-1,0,0
998,-1,-1,0,0,1,1,0,-1,0,1
1001,-1,-1,1,-1,-1,1,0,1,0,1
1002,0,0,-1,0,1,1,0,-1,0,1
1004,0,-1,0,0,1,1,0,-1,0,1
1005,0,0,-1,0,1,0,0,1,0,1
1007,-1,-1,0,-1,0,1,-1,-1,0,1
1008,-1,0,-1,1,1,1,-1,-1,0,1
1010,1,0,0,1,-1,0,-1,1,0,1
1012,-1,-1,0,0,-1,1,0,-1,0,1
1013,-1,-1,1,-1,1,1,1,-1,0,0
1014,0,-1,1,0,1,0,0,1,0,1
1016,-1,-1,-1,-1,-1,0,0,-1,0,1
1019,-1,-1,0,-1,0,1,-1,-1,0,1
1020,-1,0,1,-1,1,0,1,-1,1,1
1021,-1,-1,0,-1,-1,0,0,1,0,1
1023,-1,-1,-1,1,1,1,-1,-1,0,1
1024,-1,0,-1,1,1,1,1,-1,0,1
1025,1,-1,0,-1,-1,1,-1,-1,0,1
1026,-1,0,0,-1,-1,0,-1,1,0,1
1027,1,-1,0,-1,-1,0,1,-1,0,1
1031,-1,-1,-1,0,-1,1,0,-1,0,1
1033,1,-1,0,-1,-1,0,0,-1,0,1
1035,-1,-1,0,-1,-1,-1,0,1,0,0
1036,0,0,-1,0,1,1,0,-1,0,1
1037,0,-1,-1,0,1,0,0,-1,0,1
1041,0,0,0,0,1,0,0,-1,0,1
1045,-1,0,-1,-1,-1,1,0,-1,0,1
1047,-1,0,-1,-1,-1,-1,0,1,0,1
1051,-1,-1,0,-1,-1,1,-1,-1,0,1
1054,-1,-1,-1,0,-1,0,0,1,0,1
1055,-1,-1,0,-1,1,-1,0,1,0,1
1061,-1,-1,1,-1,-1,0,0,-1,0,1
1062,0,0,-1,0,1,-1,-1,1,0,1
1065,1,1,1,-1,-1,-1,1,1,0,0
1067,-1,-1,-1,1,-1,1,1,-1,1,1
1068,-1,0,0,-1,-1,-1,0,1,0,1
1069,0,-1,-1,0,1,-1,1,1,0,1
1071,0,0,-1,0,1,1,0,-1,0,1
1072,-1,0,-1,-1,-1,0,1,-1,0,1
1073,-1,-1,1,-1,-1,0,0,-1,0,1
1077,-1,-1,1,1,-1,1,-1,1,0,1
1078,-1,-1,1,-1,-1,1,-1,-1,0,1
1080,1,-1,0,-1,1,-1,1,1,0,1
1084,1,-1,0,0,1,-1,-1,1,0,1
1086,-1,-1,-1,-1,-1,0,1,-1,0,1
1087,-1,-1,1,-1,0,0,-1,-1,0,1
1089,0,-1,-1,0,0,-1,0,1,0,1
1091,-1,0,-1,-1,-1,1,0,-1,0,1
1092,-1,0,-1,-1,1,0,-1,-1,0,1
1093,-1,0,-1,0,-1,1,-1,-1,0,1
1095,-1,-1,0,1,1,-1,1,1,0,1
1100,1,-1,0,-1,1,-1,0,1,0,1
1101,-1,-1,0,-1,-1,0,0,1,0,1
1102,-1,-1,-1,-1,-1,1,0,1,0,1
1103,-1,0,0,-1,-1,0,0,1,0,1
1104,1,-1,1,-1,1,0,-1,1,0,1
1106,1,-1,0,-1,-1,0,-1,1,0,1
1107,-1,-1,-1,-1,1,1,1,-1,0,1
1109,-1,-1,0,0,-1,0,-1,1,0,1
1111,-1,-1,0,-1,-1,1,0,1,0,1
1114,0,0,-1,0,1,0,0,1,0,1
1117,-1,0,0,0,-1,0,-1,1,0,1
1118,-1,-1,0,-1,-1,0,-1,-1,0,1
1119,-1,-1,-1,0,-1,-1,0,1,0,1
1123,1,-1,1,0,1,0,-1,1,0,1
1124,-1,-1,0,0,-1,1,-1,-1,0,1
1126,0,-1,-1,0,1,1,0,-1,0,1
1127,1,-1,1,-1,0,1,-1,-1,0,0
1128,0,-1,-1,0,1,-1,0,1,0,1
1130,-1,-1,1,0,1,1,1,-1,0,1
1132,-1,0,-1,-1,-1,0,0,-1,0,1
1133,0,-1,-1,0,1,0,0,1,0,1
1134,-1,0,0,-1,-1,-1,-1,1,0,0
1135,-1,-1,-1,-1,-1,0,-1,1,0,1
1138,-1,-1,-1,-1,-1,-1,-1,1,0,1
1140,-1,0,-1,0,-1,0,1,1,0,1
1143,-1,0,-1,-1,1,1,0,-1,0,1
1145,0,0,-1,0,0,1,-1,-1,0,1
1146,1,-1,0,0,-1,1,-1,1,0,1
1147,-1,-1,-1,-1,1,1,0,-1,0,1
1149,0,-1,-1,0,0,0,0,1,0,1
1151,-1,-1,-1,0,-1,1,0,1,0,1
1152,0,-1,-1,0,0,0,0,-1,0,1
1153,-1,0,-1,-1,-1,0,0,1,0,1
1157,-1,-1,-1,0,-1,-1,0,1,0,1
1159,-1,-1,-1,-1,-1,1,0,-1,0,1
1160,-1,-1,-1,-1,-1,0,0,-1,0,1
1162,-1,0,0,0,-1,1,-1,-1,0,1
1164,1,1,-1,-1,1,1,1,-1,0,0
1167,-1,-1,1,-1,-1,0,1,1,1,1
1172,-1,-1,1,-1,-1,1,-1,-1,0,1
1175,-1,0,0,-1,-1,-1,0,1,0,0
1176,1,-1,1,-1,-1,0,-1,1,0,1
1177,-1,-1,-1,0,-1,1,0,-1,0,1
1178,1,0,-1,-1,1,1,1,-1,0,0
1180,1,0,-1,-1,1,0,1,1,0,0
1183,-1,-1,0,-1,-1,0,0,-1,0,1
1184,-1,0,0,0,-1,1,-1,-1,0,1
1185,-1,0,-1,-1,-1,0,-1,-1,0,1
1186,-1,-1,1,-1,-1,-1,-1,1,0,1
1187,-1,-1,1,-1,1,1,0,1,0,0
1188,0,-1,-1,0,1,1,1,-1,1,1
1189,-1,-1,1,0,-1,-1,0,1,0,1
1190,-1,0,1,-1,0,0,-1,1,0,1
1193,-1,0,1,0,-1,0,1,1,1,1
1194,0,0,-1,0,1,0,1,-1,1,1
1195,0,0,-1,0,1,-1,0,1,0,1
1196,-1,-1,-1,-1,-1,0,0,1,0,1
1197,1,0,1,-1,-1,-1,1,1,0,0
1198,-1,0,-1,-1,-1,1,0,-1,0,1
1200,-1,-1,1,-1,-1,0,1,1,0,0
1201,-1,0,1,-1,-1,0,-1,-1,0,1
1202,-1,-1,-1,-1,-1,0,0,-1,0,1
1204,-1,-1,-1,-1,-1,0,0,1,0,1
1206,1,-1,1,-1,-1,1,-1,-1,0,1
1207,-1,-1,1,-1,1,1,0,-1,0,0
1208,-1,-1,-1,-1,-1,1,0,-1,0,1
1209,-1,-1,-1,0,-1,-1,1,1,1,1
1212,-1,-1,1,-1,-1,0,-1,1,0,1
1215,-1,-1,-1,0,-1,-1,1,1,1,1
1216,0,0,-1,0,0,-1,0,1,0,1
1220,1,-1,0,-1,-1,0,-1,-1,0,1
1221,-1,0,-1,0,-1,0,0,1,0,1
1222,-1,-1,1,-1,-1,-1,0,1,0,1
1226,-1,-1,0,-1,-1,1,0,-1,0,1
1227,-1,-1,-1,-1,-1,0,1,-1,1,1
1229,0,0,-1,0,1,0,-1,-1,0,1
1230,0,0,1,0,0,-1,1,1,1,1
1231,1,-1,1,-1,-1,1,1,-1,0,0
1232,-1,-1,1,-1,1,1,0,-1,0,0
1233,-1,-1,1,0,1,1,1,-1,0,1
1239,0,-1,0,0,1,1,0,-1,0,1
1243,1,-1,0,0,-1,1,-1,-1,0,1
1244,-1,-1,1,-1,0,1,-1,-1,0,1
1245,-1,-1,1,0,-1,-1,1,1,1,1
1248,-1,-1,1,-1,0,0,-1,1,0,1
1249,-1,0,1,-1,-1,0,-1,1,0,1
1250,-1,0,0,-1,-1,1,-1,-1,0,1
1251,1,-1,0,1,1,-1,-1,1,1,1
1252,1,-1,-1,-1,1,-1,1,1,0,0
1253,-1,-1,-1,0,-1,0,0,1,0,1
1255,0,-1,0,0,1,0,0,1,0,1
1256,1,-1,0,1,1,0,1,1,0,1
1261,-1,-1,-1,-1,-1,0,1,1,0,1
1266,-1,-1,1,-1,1,1,-1,-1,0,0
1271,-1,-1,-1,-1,-1,0,-1,1,0,1
1275,-1,0,-1,-1,-1,0,-1,-1,0,1
1276,0,0,-1,0,1,1,1,-1,0,1
1280,-1,-1,1,-1,-1,0,0,1,0,1
1285,-1,-1,1,0,-1,0,0,1,0,1
1286,-1,-1,0,-1,-1,0,-1,-1,0,1
1288,-1,0,-1,-1,-1,1,1,-1,1,1
1291,-1,-1,0,0,-1,-1,-1,1,0,0
1292,1,1,1,-1,-1,1,1,-1,0,0
1294,0,-1,0,0,0,0,-1,1,0,0
1295,-1,-1,-1,0,-1,0,1,1,0,1
1296,-1,-1,1,0,-1,0,1,1,0,1
1299,0,-1,-1,0,1,-1,-1,1,0,1
1301,1,0,1,-1,-1,0,1,1,0,0
1303,1,0,1,-1,-1,-1,1,1,1,0
1304,-1,-1,1,-1,-1,-1,1,1,0,0
1305,-1,-1,-1,0,1,0,1,1,1,1
1307,-1,0,-1,-1,1,1,-1,-1,0,1
1308,0,-1,0,0,1,1,1,-1,1,1
1310,1,-1,0,1,1,-1,1,1,0,1
1316,1,-1,0,-1,-1,-1,-1,1,0,1
1317,-1,-1,0,-1,-1,1,0,-1,0,1
1320,-1,-1,-1,0,-1,0,0,1,0,1
1321,-1,-1,0,-1,-1,1,0,-1,0,1
1323,-1,-1,1,-1,-1,1,-1,-1,0,1
1324,0,-1,-1,0,1,0,0,1,0,1
1327,-1,0,0,0,-1,-1,-1,1,0,0
1328,1,-1,0,-1,-1,1,0,-1,0,1
1329,-1,0,1,-1,-1,1,-1,-1,0,1
1330,0,-1,1,0,0,-1,-1,1,0,1
1334,0,0,-1,0,0,1,1,-1,0,1
1336,0,-1,1,0,1,1,-1,-1,0,1
1337,-1,-1,0,-1,-1,0,0,-1,0,1
1338,-1,0,1,0,-1,1,-1,-1,0,1
1339,0,0,-1,0,0,1,0,-1,0,1
1341,-1,0,-1,-1,1,1,-1,1,0,1
1345,0,0,0,0,1,0,0,-1,0,1
1346,-1,0,1,-1,1,0,-1,1,0,0
1349,-1,-1,-1,-1,-1,-1,0,1,0,1
1351,-1,0,-1,-1,-1,0,-1,-1,0,1
1352,0,0,1,0,0,0,-1,1,0,1